label,area,perimeter,equivalent_diameter,eccentricity
1,421.0,97.1126983722081,23.152404806704283,0.866201215115572
2,845.0,119.39696961966999,32.80072278626208,0.7518705558910287
3,200.0,64.2842712474619,15.957691216057308,0.9016320661766527
4,1430.0,184.26702730475878,42.67004275802032,0.8377956962018496
5,971.0,126.22539674441619,35.16127981086358,0.8078019409159645
6,664.0,137.01219330881975,29.076297180076903,0.9710014069840295
7,515.0,115.59797974644665,25.60699837034026,0.9484372933581214
8,525.0,103.94112549695429,25.854414729132053,0.8948988419598513
9,273.0,81.38477631085023,18.643883600599406,0.9649340881522307
10,554.0,141.095454429505,26.558891313141824,0.9787827121962758
11,421.0,107.79898987322332,23.152404806704283,0.9756263662909569
12,1414.0,172.71067811865476,42.430657740076576,0.8528660528139295
13,688.0,119.21320343559643,29.597108081327676,0.9489074969982217
14,654.0,126.5685424949238,28.856518540128786,0.925551775142434
15,1279.0,163.095454429505,40.35434769286047,0.8548350624310556
16,686.0,130.9827560572969,29.554057719513263,0.9536560061018088
17,516.0,105.18376618407358,25.631847476983474,0.7754323588078867
18,1768.0,198.75230867899737,47.445626933277715,0.881952083835211
19,962.0,121.25483399593905,34.997949111844065,0.6868785905948526
20,1072.0,160.6812408671319,36.94472617243352,0.9479263216779504
21,1394.0,161.57463914933368,42.129513709047444,0.8549506482198486
22,947.0,130.8111831820431,34.72402408800281,0.8778273393081563
23,946.0,136.22539674441617,34.70568554746418,0.6864076430280102
24,1011.0,191.63961030678928,35.878199226372125,0.9765252272098411
25,862.0,167.61626970967632,33.12902786925252,0.9598884879325896
26,477.0,90.42640687119285,24.64417299969047,0.8798742956995986
27,807.0,152.99494936611666,32.05470811910906,0.973631350711677
28,5452.0,353.00714267493646,83.31687702918363,0.9196094994997902
29,906.0,153.7462120245875,33.96402549065787,0.8715963091717829
30,1226.0,239.63961030678928,39.5093872623369,0.9884897475101293
31,662.0,122.71067811865476,29.03247455203703,0.8977047080731883
32,579.0,110.71067811865474,27.151532118863187,0.9377906362607873
33,957.0,129.98275605729688,34.906879612929465,0.8793114172239529
34,756.0,138.64570696119915,31.025297674958463,0.9441420957991955
35,1250.0,166.8528137423857,39.89422804014327,0.9052481062341847
36,1098.0,185.23759005323595,37.390065794529015,0.964572216704701
37,1085.0,172.95331880577402,37.1680629847407,0.9611357325361766
38,937.0,132.8111831820431,34.54020054106298,0.7722647698207741
39,525.0,121.69848480983498,25.854414729132053,0.9648805047328864
40,1005.0,151.4386001800126,35.77157729900708,0.9326229273383869
41,1261.0,149.78174593052023,40.06937815727916,0.7890176646790541
42,323.0,88.79898987322333,20.279456919490165,0.9650528202062267
43,1055.0,169.8589103967956,36.6506169074355,0.8998197537998599
44,698.0,121.26093065034891,29.811427376513585,0.8813308756764036
45,752.0,120.66904755831213,30.943111311580196,0.6338707035551678
46,1235.0,179.01219330881975,39.65414023463283,0.9649814080329107
47,490.0,110.46803743153546,24.977737626138797,0.9548292683584311
48,814.0,126.88225099390856,32.19343084255579,0.9035512467253259
49,1262.0,237.4386001800126,40.08526294607253,0.9663687342033837
50,820.0,119.05382386916237,32.31186201200472,0.766894355254167
51,1000.0,173.78174593052026,35.682482323055424,0.7648841262753467
52,1206.0,179.6162697096763,39.1857996084118,0.9369997041902803
53,1211.0,147.39696961967,39.26694651579471,0.5196813180605612
54,1125.0,137.49747468305833,37.8469878303024,0.8066916711925848
55,605.0,115.56854249492379,27.754457742221764,0.8875091182400692
56,779.0,124.81118318204308,31.493707392885515,0.9105428158105128
57,756.0,129.63961030678928,31.025297674958463,0.9258650234256878
58,1014.0,154.7462120245875,35.93139154501889,0.7502147216203661
59,1320.0,175.8528137423857,40.99605101775554,0.9482976723806323
60,960.0,160.59797974644664,34.961549778946534,0.892935052346172
61,796.0,144.22539674441617,31.83549399034338,0.9572784211010468
62,973.0,147.53910524340094,35.197472594311556,0.9199380327688571
63,595.0,103.49747468305833,27.524126309792685,0.8308190081401349
64,733.0,125.98275605729688,30.549706811864404,0.8069257400647527
65,419.0,97.01219330881975,23.09734550211416,0.9069041638045873
66,1246.0,176.78174593052023,39.830346128799995,0.8632039505333932
67,368.0,82.42640687119284,21.646065519224038,0.8173814626053949
68,500.0,104.87615433949868,25.2313252202016,0.878585937632666
69,660.0,111.46194077712558,28.988585676524604,0.8265328217264284
70,509.0,109.0477272147525,25.45739437315213,0.9348411592382266
71,988.0,166.8528137423857,35.467741261579384,0.5533171702126255
72,821.0,129.53910524340094,32.33155836373447,0.9092683290778907
73,1909.0,296.23253941935263,49.301260540674065,0.9806031884487955
74,809.0,168.95331880577402,32.09440436728413,0.9682428371753846
75,599.0,101.84062043356593,27.616489409343153,0.73219396449906
76,824.0,120.81118318204308,32.390575556198044,0.8241832629966085
77,1246.0,149.8111831820431,39.830346128799995,0.7412219445356087
78,655.0,104.15432893255071,28.878571671769564,0.8311272259819101
79,1349.0,191.33809511662426,41.44393979640129,0.9463503315710731
80,597.0,113.84062043356595,27.570346537664197,0.8478817967476369
81,833.0,122.2670273047588,32.56698544176895,0.5349052018293244
82,810.0,127.29646455628165,32.11423409074988,0.8513692921565661
83,625.0,107.59797974644665,28.209479177387816,0.8794352681720617
84,1931.0,314.73506473629425,49.58452945106567,0.9899093840487359
85,374.0,75.01219330881976,21.821814538001895,0.6643250343896443
86,4472.0,326.91883092036784,75.45811582630226,0.7529565825467762
87,626.0,129.74011537017762,28.2320377409108,0.9531255676123437
88,410.0,96.66295090390226,22.847936741452536,0.9441976818597007
89,725.0,105.94722215136416,30.38253889873249,0.5914865143359699
90,1938.0,231.86500705120545,49.67432171350451,0.959437903745211
91,649.0,126.9827560572969,28.745999104799274,0.9522965575450006
92,161.0,49.45584412271571,14.317526556719258,0.8230494519515217
93,604.0,101.42640687119285,27.73151068766428,0.8102605721249639
94,1039.0,154.26093065034894,36.371635747926355,0.9181285559088361
95,2499.0,211.89444430272832,56.40767343449978,0.47855234242025046
96,708.0,111.94112549695427,30.024216853608277,0.8878498492143312
97,231.0,62.8700576850888,17.14987856615383,0.7957028452954208
98,480.0,94.08326112068524,24.721548929484133,0.8435475584854173
99,360.0,91.80508652763321,21.409489393833255,0.9285710388340531
100,311.0,87.18376618407356,19.899183360445615,0.8838917350313797
101,471.0,103.14823227814081,24.488687706168772,0.8828051082405504
102,1224.0,146.5685424949238,39.477147854877245,0.8269455793996182
103,802.0,114.81118318204308,31.955251757380985,0.3998599688355423
104,1005.0,132.53300858899104,35.77157729900708,0.699854234203689
105,1137.0,162.26702730475878,38.0483030155601,0.9238900535580054
106,907.0,141.0538238691624,33.982764264767994,0.8360051622028303
107,982.0,189.13708498984758,35.35988168715967,0.9793447076338577
108,938.0,155.09545442950497,34.558626896356614,0.9026150758861249
109,368.0,75.1126983722081,21.646065519224038,0.8130814029988492
110,551.0,113.36143571373725,26.486883341553696,0.89513416521036
111,2055.0,220.02438661763952,51.151806072031896,0.8839569449700848
112,681.0,104.91168824543142,29.44615645486938,0.8421429788793318
113,873.0,132.8111831820431,33.33973788969849,0.8970385033875045
114,1538.0,180.5035713374682,44.25203294542162,0.878931287644345
115,852.0,122.22539674441617,32.9363035587535,0.8194780417064036
116,439.0,105.28427124746189,23.642169108157916,0.9529070049071627
117,778.0,117.9827560572969,31.473486711896992,0.8615954377446695
118,1317.0,153.4680374315355,40.94943809646488,0.8194681925076402
119,752.0,131.92388155425118,30.943111311580196,0.9315520852574102
120,1877.0,189.50966799187805,48.886303045616984,0.7514989452888525
121,995.0,155.9827560572969,35.593164329846914,0.6209939610062235
122,691.0,106.18376618407356,29.661566469288122,0.7400043118948049
123,1016.0,152.16652224137047,35.96680938658481,0.927822588954089
124,585.0,113.59797974644665,27.29185104880338,0.6781609994611926
125,481.0,88.18376618407356,24.747287144606645,0.7149425670416698
126,906.0,126.22539674441617,33.96402549065787,0.7495441362684675
127,755.0,110.91168824543142,31.004771508189638,0.8206420668701171
128,1571.0,206.65180361560905,44.724258795187886,0.9556705410416658
129,1345.0,182.06601717798213,41.382450237616354,0.8375938896192406
130,1101.0,179.81118318204307,37.441110276718746,0.9619493004724049
131,2188.0,263.6812408671319,52.78113416629597,0.976609853826207
132,495.0,102.5685424949238,25.104851615652017,0.9011361785438541
133,622.0,105.53300858899105,28.14169498849121,0.7815457391851446
134,950.0,137.98275605729688,34.77898169151024,0.6929927414962783
135,686.0,137.98275605729688,29.554057719513263,0.9449151457678951
136,1183.0,170.85281374238568,38.810338589372,0.9116719020516484
137,1191.0,152.12489168102786,38.94134432424719,0.843611657367826
138,1481.0,228.1370849898476,43.424276226009525,0.9399128435018984
139,917.0,147.63961030678925,34.16958680642984,0.906666980068173
140,1255.0,193.4386001800126,39.97393686694656,0.9664422665845612
141,209.0,56.04163056034261,16.312788383647018,0.6740978144491641
142,964.0,130.1959594928933,35.03431062722223,0.778198831086604
143,832.0,157.43860018001263,32.54743156102575,0.9642389614135051
144,942.0,157.49747468305833,34.63223427878316,0.9655190825636721
145,1605.0,192.99494936611666,45.20563537104568,0.9304277155068882
146,527.0,105.25483399593904,25.903614421069328,0.8821124187121101
147,1043.0,162.98885271170678,36.44158126589425,0.9044251060668508
148,408.0,93.49747468305833,22.792141940852034,0.7693534062823651
149,395.0,86.76955262170046,22.42609239636699,0.7752571245008844
150,946.0,129.05382386916236,34.70568554746418,0.8414639875157316
151,919.0,163.15432893255073,34.20682887394876,0.9727286185192348
152,1793.0,193.5096679918781,47.77989643888051,0.8382639456427778
153,1055.0,138.5685424949238,36.6506169074355,0.7699508722437601
154,1032.0,153.1959594928933,36.24890633062862,0.8889011105628177
155,412.0,80.8700576850888,22.903595622322865,0.8085437133139612
156,818.0,125.74011537017759,32.27243324562564,0.8663143686883524
157,1370.0,169.1959594928933,41.76527476609214,0.9253800497281716
158,895.0,123.88225099390856,33.757212452126,0.7261567099222557
159,567.0,92.66904755831213,26.86869594648831,0.6740837446021276
160,490.0,100.2193000900063,24.977737626138797,0.87446019128249
161,1606.0,207.17871555019022,45.21971593060566,0.949631837858501
162,796.0,179.68733752154176,31.83549399034338,0.9734969162081877
163,973.0,123.71067811865476,35.197472594311556,0.7654649912151874
164,1486.0,210.12489168102783,43.49751675068879,0.9685208496050336
165,2005.0,222.59292911256333,50.525689378711114,0.9310581673565899
166,900.0,123.63961030678927,33.851375012865375,0.7944747052887078
167,1038.0,149.53910524340094,36.3541283410165,0.790410862225389
168,1566.0,226.0071426749364,44.653030435293694,0.9671545514455306
169,467.0,92.08326112068524,24.384480051691096,0.8438154484458434
170,783.0,140.18986283848344,31.574460621325464,0.9496046435963337
171,316.0,80.42640687119284,20.0585068271871,0.9178559219038457
172,367.0,81.66904755831213,21.616635097022034,0.7379396302292157
173,1105.0,129.39696961967,37.50906153094682,0.8070113754134031
174,1388.0,180.40916292848974,42.038749839789546,0.9442690844889264
175,681.0,112.71067811865476,29.44615645486938,0.8428674266245738
176,1687.0,194.13098833543773,46.346036637108675,0.6979651153977546
177,936.0,139.78174593052023,34.52176435050956,0.9194780651157634
178,451.0,99.60407640085654,23.96311821686732,0.8602288831218379
179,457.0,87.91168824543142,24.121991458915023,0.8276704665988824
180,393.0,79.01219330881976,22.36924542940416,0.7122001509351298
181,667.0,106.66904755831213,29.14190756176324,0.851211383400304
182,484.0,100.0477272147525,24.824341676101277,0.9107081076666951
183,1186.0,152.50966799187808,38.85951749643713,0.9063769746174297
184,1251.0,201.17261889578035,39.91018254109706,0.9578713268581963
185,713.0,149.43860018001263,30.130048048354833,0.9718622636571492
186,413.0,90.15432893255071,22.93137440223813,0.9041216938359569
187,650.0,109.35533905932736,28.76813695875796,0.771022063490526
188,1407.0,190.03048327204937,42.32550105364819,0.9062800123230796
189,395.0,93.49747468305833,22.42609239636699,0.9460788625914308
190,852.0,121.49747468305833,32.9363035587535,0.804536601975495
191,1107.0,150.12489168102786,37.542991037233904,0.8970313215756457
192,421.0,82.42640687119284,23.152404806704283,0.8182645648835273
193,816.0,145.92388155425118,32.23295624828558,0.9614502992416031
194,551.0,109.25483399593905,26.486883341553696,0.5306357832640339
195,610.0,111.19595949289332,27.868909599918855,0.9223080226730385
196,953.0,145.5685424949238,34.833852588144914,0.9431589010280709
197,1012.0,154.5685424949238,35.89593875735784,0.878347977612762
198,749.0,139.43250352560273,30.881327999401787,0.8916301295343068
199,903.0,140.22539674441617,33.90774703361832,0.8526069507965898
200,1853.0,221.16652224137044,48.572758583327925,0.964116582048765
201,535.0,140.66904755831214,26.099485750361293,0.8956139201394065
202,785.0,120.39696961966999,31.614759885488656,0.8806418862936727
203,1143.0,155.78174593052023,38.14856222234714,0.9149596815071064
204,488.0,89.84062043356595,24.926710529686012,0.8842230966848479
205,1180.0,169.82337649086284,38.7610972856483,0.9393931040013784
206,933.0,153.19595949289334,34.46639660942099,0.948357043397799
207,801.0,167.43250352560275,31.935323316554435,0.9708661065857338
208,1167.0,186.7523086789974,38.54699143520717,0.9398881729570793
209,946.0,139.0538238691624,34.70568554746418,0.7983873547464254
210,1359.0,158.60407640085654,41.597266031496424,0.7162079799545059
211,784.0,136.26702730475878,31.594616678674353,0.9529906982040915
212,1007.0,137.67514421272202,35.80715321759479,0.860488333241925
213,535.0,99.39696961966999,26.099485750361293,0.8741714685430683
214,1005.0,145.39696961967,35.77157729900708,0.7894682520630812
215,983.0,131.1543289325507,35.37788111906457,0.6741827853630701
216,992.0,171.2670273047588,35.539465786323824,0.9606179491486423
217,200.0,51.4558441227157,15.957691216057308,0.3375374383241827
218,157.0,45.45584412271571,14.138550439257221,0.5728449188021615
219,44.0,28.692388155425117,7.48482063701911,0.9590117549409435
220,263.0,68.04163056034261,18.29923496393627,0.8795422335828352
221,115.0,46.970562748477136,12.100518486599809,0.9200415046836848
